{"MQ6_RAW": 410, "MQ6": 2.943574073499083, "MQ135": 973.5719237041191, "MQ4": 1.574462293197566, "DUST_RAW": 189.98, "DUST": 10204.00390625, "MQ4_RAW": 278, "MQ135_RAW": 324}
